ba,2014,2015,2016,2017,2018,2019,2020,2021,2022,2023,2024,2025,2026,2027,2028,2029,2030,2031,2032,2033,2034,2035,2036,2037,2038,2039,2040,2041,2042,2043,2044,2045,2046,2047,2048,2049,2050
p1,0.029313789965,0.029313789965,0.029313789965,0.029313789965,0.029313789965,0.027265751959,0.025217713953,0.0249270440905,0.024636374228,0.0278977868765,0.031159199525,0.0326657773305,0.034172355136,0.033796654065,0.033420952994,0.0321995154165,0.030978077839,0.031087909845,0.031197741851,0.0320462026785,0.032894663506,0.0333334899995,0.033772316493,0.034018701074,0.034265085655,0.034617365337,0.034969645019,0.03522697938,0.035484313741,0.0356270176215,0.035769721502,0.0350400022215,0.034310282941,0.034720970067,0.035131657193,0.035458733724,0.035785810255
p10,0.032192850928,0.032192850928,0.032192850928,0.032192850928,0.032192850928,0.0295205538935,0.026848256859,0.0267410016995,0.02663374654,0.032913777257,0.039193807974,0.0403920182785,0.041590228583,0.041303918308,0.041017608033,0.038882499076,0.036747390119,0.0364601125685,0.036172835018,0.0371287933525,0.038084751687,0.038849173117,0.039613594547,0.0396620313775,0.039710468208,0.039951231622,0.040191995036,0.0414004020835,0.042608809131,0.042618555476,0.042628301821,0.0420793646785,0.041530427536,0.041656624608,0.04178282168,0.041557365935,0.04133191019
p100,0.033469940215,0.033469940215,0.033469940215,0.033469940215,0.033469940215,0.0316086987735,0.029747457332,0.029725947995,0.029704438658,0.032436629116,0.035168819574,0.0352866326435,0.035404445713,0.035879853319,0.036355260925,0.0356662636735,0.034977266422,0.035073634602,0.035170002782,0.035527619688,0.035885236594,0.036016685401,0.036148134208,0.0367082549685,0.037268375729,0.037132819645,0.036997263561,0.0374145106155,0.03783175767,0.03757417202,0.03731658637,0.0393330499135,0.041349513457,0.041522414777,0.041695316097,0.0412182745785,0.04074123306
p101,0.035913667395,0.035913667395,0.035913667395,0.035913667395,0.035913667395,0.0333560078935,0.030798348392,0.0312177375905,0.031637126789,0.0344707645265,0.037304402264,0.038463267718,0.039622133172,0.0400613239165,0.040500514661,0.0388807061575,0.037260897654,0.036955164987,0.03664943232,0.036426084102,0.036202735884,0.0365247855175,0.036846835151,0.036779667792,0.036712500433,0.0368074017385,0.036902303044,0.036469368497,0.03603643395,0.033916351433,0.031796268916,0.0301827443805,0.028569219845,0.0278582609675,0.02714730209,0.03084091959,0.03453453709
p102,0.034971474869,0.034971474869,0.034971474869,0.034971474869,0.034971474869,0.032480204457,0.029988934045,0.0304334842665,0.030878034488,0.03371912527,0.036560216052,0.037737631566,0.03891504708,0.0391816777965,0.039448308513,0.037885127826,0.036321947139,0.0360186615195,0.0357153759,0.035489192566,0.035263009232,0.035576152254,0.035889295276,0.035819669073,0.03575004287,0.035983694635,0.0362173464,0.035792254185,0.03536716197,0.033163667812,0.030960173654,0.029397465948,0.027834758242,0.0272109813565,0.026587204471,0.0302903160205,0.03399342757
p103,0.034006841692,0.034006841692,0.034006841692,0.034006841692,0.034006841692,0.0317453847135,0.029483927735,0.029676597083,0.029869266431,0.032061994428,0.034254722425,0.0356117212775,0.03696872013,0.037546556086,0.038124392042,0.0378636875585,0.037602983075,0.0379990572895,0.038395131504,0.0382159947055,0.038036857907,0.037897522489,0.037758187071,0.038136692761,0.038515198451,0.038631949505,0.038748700559,0.0390231401685,0.039297579778,0.039377560442,0.039457541106,0.040787994183,0.04211844726,0.042725519875,0.04333259249,0.042330289737,0.041327986984
p104,0.032484762813,0.032484762813,0.032484762813,0.032484762813,0.032484762813,0.0306846782835,0.028884593754,0.0289910016715,0.029097409589,0.031051740163,0.033006070737,0.0338563379085,0.03470660508,0.0353590084765,0.036011411873,0.0350887954575,0.034166179042,0.0345392014135,0.034912223785,0.0350057768245,0.035099329864,0.035164875249,0.035230420634,0.035512969457,0.03579551828,0.035877270145,0.03595902201,0.03608740313,0.03621578425,0.036216036715,0.03621628918,0.037190520394,0.038164751608,0.038908335949,0.03965192029,0.038755914835,0.03785990938
p105,0.032667643745,0.032667643745,0.032667643745,0.032667643745,0.032667643745,0.0308229982805,0.028978352816,0.0290933672755,0.029208381735,0.03150071272,0.033793043705,0.034309338433,0.034825633161,0.035473034195,0.036120435229,0.0356996319815,0.035278828734,0.035357099371,0.035435370008,0.035598827217,0.035762284426,0.0359689423935,0.036175600361,0.0365919366505,0.03700827294,0.036854323925,0.03670037491,0.036895432795,0.03709049068,0.037066194515,0.03704189835,0.0377017528025,0.038361607255,0.038883314686,0.039405022117,0.0385391938935,0.03767336567
p106,0.032432433004,0.032432433004,0.032432433004,0.032432433004,0.032432433004,0.030668238984,0.028904044964,0.029001107758,0.029098170552,0.030963044363,0.032827918174,0.0333797550745,0.033931591975,0.0345471177025,0.03516264343,0.034554190955,0.03394573848,0.0342063979035,0.034467057327,0.0347750353505,0.035083013374,0.0351073957455,0.035131778117,0.0355100282235,0.03588827833,0.035744779555,0.03560128078,0.035767201745,0.03593312271,0.0359320411,0.03593095949,0.0366433860465,0.037355812603,0.038126167694,0.038896522785,0.0377462913325,0.03659605988
p107,0.031384041478,0.031384041478,0.031384041478,0.031384041478,0.031384041478,0.0296774927775,0.027970944077,0.0280651376625,0.028159331248,0.0304377383855,0.032716145523,0.033206974323,0.033697803123,0.0342836998925,0.034869596662,0.034530302429,0.034191008196,0.034235431747,0.034279855298,0.0344810197245,0.034682184151,0.0349043221185,0.035126460086,0.035543343373,0.03596022666,0.03582275611,0.03568528556,0.03585285512,0.03602042468,0.03601450316,0.03600858164,0.0367797552535,0.037550928867,0.0379256739385,0.03830041901,0.03776570421,0.03723098941
p108,0.032406052219,0.032406052219,0.032406052219,0.032406052219,0.032406052219,0.0308317357395,0.02925741926,0.029401149196,0.029544879132,0.032083803807,0.034622728482,0.0349282213805,0.035233714279,0.035951064252,0.036668414225,0.036170129059,0.035671843893,0.0354233647525,0.035174885612,0.0348939857255,0.034613085839,0.0350175867845,0.03542208773,0.0356220089795,0.035821930229,0.0357784323095,0.03573493439,0.035903805485,0.03607267658,0.035841059345,0.03560944211,0.036626166465,0.03764289082,0.03782726943,0.03801164804,0.0374825421,0.03695343616
p109,0.03290308851,0.03290308851,0.03290308851,0.03290308851,0.03290308851,0.031342121999,0.029781155488,0.0299368375185,0.030092519549,0.0330865362715,0.036080552994,0.036335014229,0.036589475464,0.037298385864,0.038007296264,0.037196931025,0.036386565786,0.0364285919355,0.036470618085,0.036357781475,0.036244944865,0.036661455859,0.037077966853,0.037130088338,0.037182209823,0.0369199250715,0.03665764032,0.0367886734,0.03691970648,0.03691031518,0.03690092388,0.0377250045475,0.038549085215,0.038629430585,0.038709775955,0.0380781734175,0.03744657088
p11,0.032615536642,0.032615536642,0.032615536642,0.032615536642,0.032615536642,0.0299103609035,0.027205185165,0.0270948241925,0.02698446322,0.0334534146295,0.039922366039,0.041181414147,0.042440462255,0.042158355325,0.041876248395,0.0396670145305,0.037457780666,0.0371669049625,0.036876029259,0.037874569405,0.038873109551,0.039671437202,0.040469764853,0.040511037442,0.040552310031,0.0408054749335,0.041058639836,0.0423133196935,0.043567999551,0.0435592521215,0.043550504692,0.042994266358,0.042438028024,0.042412837087,0.04238764615,0.042069110235,0.04175057432
p110,0.034299792417,0.034299792417,0.034299792417,0.034299792417,0.034299792417,0.0326483793775,0.030996966338,0.030962165355,0.030927364372,0.0332687979225,0.035610231473,0.0358135680405,0.036016904608,0.036520126247,0.037023347886,0.036372519795,0.035721691704,0.035729294897,0.03573689809,0.036036043991,0.036335189892,0.0363718834855,0.036408577079,0.036899022298,0.037389467517,0.0371996779735,0.03700988843,0.037281364115,0.0375528398,0.03741145943,0.03727007906,0.038018430369,0.038766781678,0.038950642624,0.03913450357,0.038339741185,0.0375449788
p111,0.033551330383,0.033551330383,0.033551330383,0.033551330383,0.033551330383,0.0318046018275,0.030057873272,0.030061841839,0.030065810406,0.03253215534,0.034998500274,0.035341071491,0.035683642708,0.0362701389785,0.036856635249,0.0362955681315,0.035734501014,0.0357571120215,0.035779723029,0.036158624625,0.036537526221,0.0365844693685,0.036631412516,0.037176138249,0.037720863982,0.037525891326,0.03733091867,0.03757662494,0.03782233121,0.037799693075,0.03777705494,0.038505062961,0.039233070982,0.039726228184,0.040219385386,0.039487498338,0.03875561129
p112,0.032919476298,0.032919476298,0.032919476298,0.032919476298,0.032919476298,0.031205652395,0.029491828492,0.029531568313,0.029571308134,0.0319385529645,0.034305797795,0.034732400778,0.035159003761,0.035709706749,0.036260409737,0.035824884037,0.035389358337,0.0355369626745,0.035684567012,0.0359623189935,0.036240070975,0.0361993131535,0.036158555332,0.0365854038595,0.037012252387,0.0368454316085,0.03667861083,0.03696977026,0.03726092969,0.03724345477,0.03722597985,0.037955484164,0.038684988478,0.039078489241,0.039471990004,0.038797359222,0.03812272844
p113,0.033177692492,0.033177692492,0.033177692492,0.033177692492,0.033177692492,0.0314503199815,0.029722947471,0.0297631858115,0.029803424152,0.032007755562,0.034212086972,0.034652158671,0.03509223037,0.035656266475,0.03622030258,0.0358715836945,0.035522864809,0.035674279036,0.035825693263,0.0359805265625,0.036135359862,0.0359933272315,0.035851294601,0.0358622234725,0.035873152344,0.035814503684,0.035755855024,0.035849624417,0.03594339381,0.03606816479,0.03619293577,0.0368581782555,0.037523420741,0.037838548112,0.038153675483,0.0372741951115,0.03639471474
p114,0.03295270301,0.03295270301,0.03295270301,0.03295270301,0.03295270301,0.031231223035,0.02950974306,0.029550955569,0.029592168078,0.0318216195905,0.034051071103,0.0345041546115,0.03495723812,0.0355220074485,0.036086776777,0.035773955869,0.035461134961,0.03563944633,0.035817757699,0.035931953072,0.036046148445,0.0359812892715,0.035916430098,0.0362245744405,0.036532718783,0.0363497874365,0.03616685609,0.036388081435,0.03660930678,0.036437584585,0.03626586239,0.037050522737,0.037835183084,0.0382695665355,0.038703949987,0.0380624637735,0.03742097756
p115,0.03291742995,0.03291742995,0.03291742995,0.03291742995,0.03291742995,0.0318175630285,0.030717696107,0.0303983993345,0.030079102562,0.032442757513,0.034806412464,0.0350526936785,0.035298974893,0.035851686715,0.036404398537,0.035807146092,0.035209893647,0.03529533653,0.035380779413,0.035747315671,0.036113851929,0.036131855904,0.036149859879,0.036683784347,0.037217708815,0.0370523242375,0.03688693966,0.03719148881,0.03749603796,0.03749826616,0.03750049436,0.0388355576435,0.040170620927,0.040456007579,0.040741394231,0.0399820085305,0.03922262283
p116,0.033403020259,0.033403020259,0.033403020259,0.033403020259,0.033403020259,0.031782114903,0.030161209547,0.030125849215,0.030090488883,0.0324267591485,0.034763029414,0.0350282214555,0.035293413497,0.0357735577525,0.036253702008,0.035723478851,0.035193255694,0.035273064726,0.035352873758,0.035676069906,0.035999266054,0.035997136049,0.035995006044,0.0365042291685,0.037013452293,0.0368425978375,0.036671743382,0.036990195156,0.03730864693,0.037255612985,0.03720257904,0.038508141289,0.039813703538,0.0400167638455,0.040219824153,0.0394791138265,0.0387384035
p117,0.033778347084,0.033778347084,0.033778347084,0.033778347084,0.033778347084,0.032152116021,0.030525884958,0.030491411203,0.030456937448,0.032898981875,0.035341026302,0.035560843144,0.035780659986,0.0362638501495,0.036747040313,0.036204673927,0.035662307541,0.035744875537,0.035827443533,0.0361572660895,0.036487088646,0.036483379678,0.03647967071,0.036999621031,0.037519571352,0.037334115101,0.03714865885,0.03744824603,0.03774783321,0.037681463915,0.03761509462,0.038432364765,0.03924963491,0.0394853333865,0.039721031863,0.0389413661915,0.03816170052
p118,0.034761897412,0.034761897412,0.034761897412,0.034761897412,0.034761897412,0.033063621861,0.03136534631,0.0313505440065,0.031335741703,0.03386580849,0.036395875277,0.0366036867365,0.036811498196,0.037321574686,0.037831651176,0.0372387128275,0.036645774479,0.036735948626,0.036826122773,0.03714629625,0.037466469727,0.0374859510065,0.037505432286,0.038044063104,0.038582693922,0.038301562841,0.03802043176,0.038353076255,0.03868572075,0.03839366767,0.03810161459,0.039145522139,0.040189429688,0.040389457747,0.040589485806,0.039783355018,0.03897722423
p119,0.033971784134,0.033971784134,0.033971784134,0.033971784134,0.033971784134,0.0323703854625,0.030768986791,0.030395404212,0.030021821633,0.0326263130045,0.035230804376,0.0351639033135,0.035097002251,0.035658009952,0.036219017653,0.035630302167,0.035041586681,0.0351753132815,0.035309039882,0.036053167736,0.03679729559,0.0366842205175,0.036571145445,0.0373079916175,0.03804483779,0.03799927896,0.03795372013,0.038491187365,0.0390286546,0.039003139405,0.03897762421,0.0403887841,0.04179994399,0.0414338159575,0.041067687925,0.0405861489675,0.04010461001
p12,0.031427882949,0.031427882949,0.031427882949,0.031427882949,0.031427882949,0.029228058369,0.027028233789,0.02671345482,0.026398675851,0.0306771271375,0.034955578424,0.036365980278,0.037776382132,0.0374731895645,0.037169996997,0.0356049966485,0.0340399963,0.033916925058,0.033793853816,0.034522575419,0.035251297022,0.035755236726,0.03625917643,0.0361620416455,0.036064906861,0.036132372447,0.036199838033,0.0364969030105,0.036793967988,0.0370949439995,0.037395920011,0.0356950965605,0.03399427311,0.034497402195,0.03500053128,0.03538007627,0.03575962126
p120,0.034110253514,0.034110253514,0.034110253514,0.034110253514,0.034110253514,0.0325615010005,0.031012748487,0.0306390951025,0.030265441718,0.032741798302,0.035218154886,0.03514563277,0.035073110654,0.0356720777745,0.036271044895,0.035651776841,0.035032508787,0.035170974451,0.035309440115,0.035787361965,0.036265283815,0.036250155014,0.036235026213,0.036917572607,0.037600119001,0.0374993398505,0.0373985607,0.037772731705,0.03814690271,0.038076949425,0.03800699614,0.039494855857,0.040982715574,0.0410490862135,0.041115456853,0.0406150996315,0.04011474241
p121,0.034031078346,0.034031078346,0.034031078346,0.034031078346,0.034031078346,0.0338690717305,0.033707065115,0.0328702598485,0.032033454582,0.0335863925875,0.035139330593,0.035097887426,0.035056444259,0.0356291440365,0.036201843814,0.0355784755815,0.034955107349,0.035096959324,0.035238811299,0.0356766647775,0.036114518256,0.0361241175295,0.036133716803,0.0368029911535,0.037472265504,0.0373665503295,0.037260835155,0.0376328397525,0.03800484435,0.03793808129,0.03787131823,0.0393383231165,0.040805328003,0.0408442004155,0.040883072828,0.040446454089,0.04000983535
p122,0.03341840861,0.03341840861,0.03341840861,0.03341840861,0.03341840861,0.0318192622805,0.030220115951,0.029846270263,0.029472424575,0.032451633708,0.035430842841,0.0353527559845,0.035274669128,0.035943325545,0.036611981962,0.0360410886185,0.035470195275,0.0356694345595,0.035868673844,0.036705192491,0.037541711138,0.0374739352375,0.037406159337,0.0382038972035,0.03900163507,0.038973647615,0.03894566016,0.039550675035,0.04015568991,0.040182287845,0.04020888578,0.04216918947,0.04412949316,0.04393951456,0.04374953596,0.042893425375,0.04203731479
p123,0.034227514073,0.034227514073,0.034227514073,0.034227514073,0.034227514073,0.0339679553295,0.033708396586,0.032886281209,0.032064165832,0.034250210327,0.036436254822,0.0361150811915,0.035793907561,0.036632556109,0.037471204657,0.036810478296,0.036149751935,0.0363919421165,0.036634132298,0.037238541832,0.037842951366,0.0380265889275,0.038210226489,0.0390802011245,0.03995017576,0.039908282735,0.03986638971,0.04044561623,0.04102484275,0.04083441478,0.04064398681,0.04285509472,0.04506620263,0.044508864419,0.043951526208,0.043181463574,0.04241140094
p124,0.035431221862,0.035431221862,0.035431221862,0.035431221862,0.035431221862,0.033153350938,0.030875480014,0.0309282780225,0.030981076031,0.0345020823445,0.038023088658,0.0376696334625,0.037316178267,0.03821853251,0.039120886753,0.0384377912,0.037754695647,0.038028315104,0.038301934561,0.038949560089,0.039597185617,0.0398051410705,0.040013096524,0.040934534097,0.04185597167,0.04182110267,0.04178623367,0.042409610885,0.0430329881,0.042844387975,0.04265578785,0.04576411422,0.04887244059,0.048231680475,0.04759092036,0.04639164455,0.04519236874
p125,0.034085130029,0.034085130029,0.034085130029,0.034085130029,0.034085130029,0.0328111044545,0.03153707888,0.031104672817,0.030672266754,0.033821018889,0.036969771024,0.036822616323,0.036675461622,0.0375206340955,0.038365806569,0.037721761862,0.037077717155,0.0371741694135,0.037270621672,0.0381392363875,0.039007851103,0.038970628639,0.038933406175,0.0398038170375,0.0406742279,0.040665911215,0.04065759453,0.04133724748,0.04201690043,0.04208589617,0.04215489191,0.044378137805,0.0466013837,0.0463814694605,0.046161555221,0.0448951176455,0.04362868007
p126,0.033668737027,0.033668737027,0.033668737027,0.033668737027,0.033668737027,0.0338908731965,0.034113009366,0.032623392325,0.031133775284,0.033801118688,0.036468462092,0.036381172646,0.0362938832,0.0370710559055,0.037848228611,0.0372561184595,0.036664008308,0.0369327515545,0.037201494801,0.0381484887125,0.039095482624,0.039072902708,0.039050322792,0.039926565741,0.04080280869,0.04079847089,0.04079413309,0.04148825483,0.04218237657,0.042260517625,0.04233865868,0.04460165609,0.0468646535,0.0466533068405,0.046441960181,0.0452103845005,0.04397880882
p127,0.036145677314,0.036145677314,0.036145677314,0.036145677314,0.036145677314,0.03381160755,0.031477537786,0.033014337497,0.034551137208,0.036699137377,0.038847137546,0.040234721095,0.041622304644,0.0417818587785,0.041941412913,0.040355926122,0.038770439331,0.0373378710405,0.03590530275,0.036663516123,0.037421729496,0.0388731371565,0.040324544817,0.041600489063,0.042876433309,0.043147131672,0.043417830035,0.0434306388255,0.043443447616,0.0436142043705,0.043784961125,0.0435951183775,0.04340527563,0.044214858468,0.045024441306,0.0443988025235,0.043773163741
p128,0.037114363665,0.037114363665,0.037114363665,0.037114363665,0.037114363665,0.034686461382,0.032258559099,0.033812090517,0.035365621935,0.0381331938375,0.04090076574,0.0419893046205,0.043077843501,0.0438832323785,0.044688621256,0.0430490240765,0.041409426897,0.0408608723855,0.040312317874,0.04077223655,0.041232155226,0.0430100202175,0.044787885209,0.0459311344415,0.047074383674,0.0475594812325,0.048044578791,0.0487216977385,0.049398816686,0.049854242336,0.050309667986,0.0503932826895,0.050476897393,0.0505599445345,0.050642991676,0.0500943548125,0.049545717949
p129,0.036428899378,0.036428899378,0.036428899378,0.036428899378,0.036428899378,0.0344739613075,0.032519023237,0.032814601032,0.033110178827,0.035003388517,0.036896598207,0.036334393384,0.035772188561,0.0362527742145,0.036733359868,0.03482321735,0.032913074832,0.0338787105575,0.034844346283,0.0351766002225,0.035508854162,0.0357219033495,0.035934952537,0.0362223562305,0.036509759924,0.036137776627,0.03576579333,0.03781585125,0.03986590917,0.040170311985,0.0404747148,0.04115745722,0.04184019964,0.041700465925,0.04156073221,0.04136542065,0.04117010909
p13,0.031013237409,0.031013237409,0.031013237409,0.031013237409,0.031013237409,0.028500079168,0.025986920927,0.0258701841235,0.02575344732,0.031130079755,0.03650671219,0.0385473435145,0.040587974839,0.040739823918,0.040891672997,0.0386868546055,0.036482036214,0.036245309817,0.03600858342,0.037008586366,0.038008589312,0.038760707261,0.03951282521,0.0395243892325,0.039535953255,0.0397745844425,0.04001321563,0.04032821437,0.04064321311,0.040953015085,0.04126281706,0.03985981939,0.03845682172,0.038831482685,0.03920614365,0.039562825985,0.03991950832
p130,0.037338455334,0.037338455334,0.037338455334,0.037338455334,0.037338455334,0.035332877349,0.033327299364,0.033683264262,0.03403922916,0.0362699733775,0.038500717595,0.0378385846615,0.037176451728,0.0380471493265,0.038917846925,0.036955853749,0.034993860573,0.0362236624205,0.037453464268,0.0377606462005,0.038067828133,0.0381785181545,0.038289208176,0.0386322506145,0.038975293053,0.0386883811865,0.03840146932,0.040670600075,0.04293973083,0.04333249148,0.04372525213,0.044489527485,0.04525380284,0.04509633644,0.04493887004,0.044799238745,0.04465960745
p131,0.037634611132,0.037634611132,0.037634611132,0.037634611132,0.037634611132,0.0355896832125,0.033544755293,0.0342656745105,0.034986593728,0.0371387902075,0.039290986687,0.038471838927,0.037652691167,0.038692712923,0.039732734679,0.0377643531855,0.035795971692,0.0371333078485,0.038470644005,0.038892170748,0.039313697491,0.039736152231,0.040158606971,0.040534972443,0.040911337915,0.0405900045875,0.04026867126,0.04268140454,0.04509413782,0.045579943705,0.04606574959,0.04748009741,0.04889444523,0.048240860615,0.047587276,0.047601541405,0.04761580681
p132,0.037186572959,0.037186572959,0.037186572959,0.037186572959,0.037186572959,0.0371347610155,0.037082949072,0.036558425108,0.036033901144,0.038999726515,0.041965551886,0.040133370296,0.038301188706,0.039126449779,0.039951710852,0.037992805663,0.036033900474,0.037353969805,0.038674039136,0.039158677336,0.039643315536,0.040474031073,0.04130474661,0.041632657835,0.04196056906,0.041641015485,0.04132146191,0.043883148815,0.04644483572,0.046967657945,0.04749048017,0.04918346589,0.05087645161,0.050148779485,0.04942110736,0.049186094335,0.04895108131
p133,0.037722831178,0.037722831178,0.037722831178,0.037722831178,0.037722831178,0.0356023054885,0.033481779799,0.034200192436,0.034918605073,0.0372993788945,0.039680152716,0.0388015155085,0.037922878301,0.0391782607555,0.04043364321,0.038513090064,0.036592536918,0.037985807948,0.039379078978,0.0398687478285,0.040358416679,0.0408899599025,0.041421503126,0.041760080039,0.042098656952,0.041824141956,0.04154962696,0.04410781237,0.04666599778,0.047189656445,0.04771331511,0.04916388663,0.05061445815,0.049997247445,0.04938003674,0.049328491435,0.04927694613
p134,0.036758625703,0.036758625703,0.036758625703,0.036758625703,0.036758625703,0.0351467675695,0.033534909436,0.0346237978175,0.035712686199,0.0362320770245,0.03675146785,0.0365437923045,0.036336116759,0.036295757571,0.036255398383,0.0343337275085,0.032412056634,0.033207075845,0.034002095056,0.0342312379285,0.034460380801,0.0345627512415,0.034665121682,0.0349248196745,0.035184517667,0.034603489439,0.034022461211,0.0358445996605,0.03766673811,0.037878661545,0.03809058498,0.0391581249135,0.040225664847,0.0396462038085,0.03906674277,0.0390514097035,0.039036076637
p14,0.029091347066,0.029091347066,0.029091347066,0.029091347066,0.029091347066,0.0271959813565,0.025300615647,0.024915193079,0.024529770511,0.0282964296045,0.032063088698,0.0336682546525,0.035273420607,0.0350071327615,0.034740844916,0.033383198203,0.03202555149,0.032111170921,0.032196790352,0.0331591503365,0.034121510321,0.034621987344,0.035122464367,0.035357913277,0.035593362187,0.0357182327115,0.035843103236,0.0360810286695,0.036318954103,0.0364856112995,0.036652268496,0.035856666613,0.03506106473,0.0355519151235,0.036042765517,0.036314165795,0.036585566073
p15,0.029591138438,0.029591138438,0.029591138438,0.029591138438,0.029591138438,0.027656625029,0.02572211162,0.025394120806,0.025066129992,0.0297142621885,0.034362394385,0.0360134663745,0.037664538364,0.037527482686,0.037390427008,0.035744793112,0.034099159216,0.0341438106845,0.034188462153,0.0352670491765,0.0363456362,0.0368834334615,0.037421230723,0.037319874647,0.037218518571,0.037411636499,0.037604754427,0.037971106612,0.038337458797,0.038586151399,0.038834844001,0.0379452020065,0.037055560012,0.03772362605,0.038391692088,0.038602205811,0.038812719534
p16,0.028882758047,0.028882758047,0.028882758047,0.028882758047,0.028882758047,0.027181918798,0.025481079549,0.025020533035,0.024559986521,0.0292631676305,0.03396634874,0.0355932312785,0.037220113817,0.0371701746155,0.037120235414,0.035493847651,0.033867459888,0.033896879012,0.033926298136,0.0349686252625,0.036010952389,0.0364743277955,0.036937703202,0.0367133134135,0.036488923625,0.036614922254,0.036740920883,0.0371275582005,0.037514195518,0.0376609256975,0.037807655877,0.036987060159,0.036166464441,0.036572116358,0.036977768275,0.0374671104095,0.037956452544
p17,0.028425655164,0.028425655164,0.028425655164,0.028425655164,0.028425655164,0.0267382735945,0.025050892025,0.0245314672425,0.02401204246,0.0276573601725,0.031302677885,0.032816462736,0.034330247587,0.0341800493955,0.034029851204,0.032687987239,0.031346123274,0.0314204120515,0.031494700829,0.032438166957,0.033381633085,0.0339331418365,0.034484650588,0.0345450902095,0.034605529831,0.0349650296885,0.035324529546,0.0354544838355,0.035584438125,0.035642303784,0.035700169443,0.035058238795,0.034416308147,0.0348009667075,0.035185625268,0.035529203055,0.035872780842
p18,0.02799956789,0.02799956789,0.02799956789,0.02799956789,0.02799956789,0.026268574271,0.024537580652,0.0240442111135,0.023550841575,0.0273161788715,0.031081516168,0.0326180114375,0.034154506707,0.034216001625,0.034277496543,0.032797978422,0.031318460301,0.0313765931305,0.03143472596,0.032389150034,0.033343574108,0.033927873848,0.034512173588,0.034562021774,0.03461186996,0.0349948251645,0.035377780369,0.035489924419,0.035602068469,0.035664875223,0.035727681977,0.0350784452745,0.034429208572,0.034883539864,0.035337871156,0.0355012283295,0.035664585503
p19,0.028750237532,0.028750237532,0.028750237532,0.028750237532,0.028750237532,0.0269647151555,0.025179192779,0.0246657250175,0.024152257256,0.0279023615285,0.031652465801,0.0332052999965,0.034758134192,0.03478274483,0.034807355468,0.0333257113535,0.031844067239,0.031906500427,0.031968933615,0.0329428688045,0.033916803994,0.0345028865565,0.035088969119,0.035124899203,0.035160829287,0.0355410379645,0.035921246642,0.0360395472285,0.036157847815,0.0362058053345,0.036253762854,0.0356069666,0.034960170346,0.0354022172375,0.035844264129,0.0360184318145,0.0361925995
p2,0.028895139637,0.028895139637,0.028895139637,0.028895139637,0.028895139637,0.0268716176615,0.024848095686,0.0245628752865,0.024277654887,0.027856646216,0.031435637545,0.0330786065945,0.034721575644,0.034438822276,0.034156068908,0.0328623351095,0.031568601311,0.0316550532625,0.031741505214,0.0326385333295,0.033535561445,0.034022757598,0.034509953751,0.0347902805995,0.035070607448,0.035440766408,0.035810925368,0.036084026107,0.036357126846,0.0365375587305,0.036717990615,0.0359263434255,0.035134696236,0.0355940928985,0.036053489561,0.0363518116325,0.036650133704
p20,0.02768092247,0.02768092247,0.02768092247,0.02768092247,0.02768092247,0.026131997221,0.024583071972,0.0241285550365,0.023674038101,0.02738007376,0.031086109419,0.032640407848,0.034194706277,0.034246552036,0.034298397795,0.0327731851525,0.03124797251,0.031316375509,0.031384778508,0.03230682703,0.033228875552,0.033819045221,0.03440921489,0.0344594594155,0.034509703941,0.034890097888,0.035270491835,0.03540453458,0.035538577325,0.035608364999,0.035678152673,0.035034596622,0.034391040571,0.034866978983,0.035342917395,0.0356049477665,0.035866978138
p21,0.027957368777,0.027957368777,0.027957368777,0.027957368777,0.027957368777,0.026436361491,0.024915354205,0.024351358302,0.023787362399,0.0278124604695,0.03183755854,0.033240608016,0.034643657492,0.034654558632,0.034665459772,0.033147829088,0.031630198404,0.0316435672875,0.031656936171,0.032484999445,0.033313062719,0.033707764102,0.034102465485,0.0337888300595,0.033475194634,0.033526202767,0.0335772109,0.0338885482855,0.034199885671,0.0342854848925,0.034371084114,0.033685988237,0.03300089236,0.033293340083,0.033585787806,0.034040807678,0.03449582755
p22,0.027860148867,0.027860148867,0.027860148867,0.027860148867,0.027860148867,0.026131069752,0.024401990637,0.0238933723565,0.023384754076,0.026646022189,0.029907290302,0.0310863596365,0.032265428971,0.0331293942575,0.033993359544,0.032925817427,0.03185827531,0.0319886292935,0.032118983277,0.032845609667,0.033572236057,0.033952663756,0.034333091455,0.034663859893,0.034994628331,0.0349817245655,0.0349688208,0.0347804196715,0.034592018543,0.034444289973,0.034296561403,0.0349460523715,0.03559554334,0.03616716875,0.03673879416,0.03671222934,0.03668566452
p23,0.027424830573,0.027424830573,0.027424830573,0.027424830573,0.027424830573,0.0257270684885,0.024029306404,0.0235640862485,0.023098866093,0.0260047525325,0.028910638972,0.030053126036,0.0311956131,0.0319525409395,0.032709468779,0.0318185490735,0.030927629368,0.031048018665,0.031168407962,0.0318601288475,0.032551849733,0.0328925655445,0.033233281356,0.0335769247305,0.033920568105,0.0339003306935,0.033880093282,0.033655749791,0.0334314063,0.0332393173135,0.033047228327,0.0334810515085,0.03391487469,0.034412345415,0.03490981614,0.03486121884,0.03481262154
p24,0.027312507766,0.027312507766,0.027312507766,0.027312507766,0.027312507766,0.025739503504,0.024166499242,0.0235240463005,0.022881593359,0.0261043219115,0.029327050464,0.030711170297,0.03209529013,0.032748882263,0.033402474396,0.032246300678,0.03109012696,0.0312362217005,0.031382316441,0.0320303516705,0.0326783869,0.03339777083,0.03411715476,0.0344091669095,0.034701179059,0.03448175591,0.034262332761,0.034368261401,0.034474190041,0.034447211163,0.034420232285,0.0346419373125,0.03486364234,0.035335507985,0.03580737363,0.035758333605,0.03570929358
p25,0.029084496407,0.029084496407,0.029084496407,0.029084496407,0.029084496407,0.027200707023,0.025316917639,0.0248533749065,0.024389832174,0.0289601233675,0.033530414561,0.0351324899155,0.03673456527,0.0367248612955,0.036715157321,0.03504755973,0.033379962139,0.0333884865335,0.033397010928,0.0342960002825,0.035194989637,0.0356378898085,0.03608078998,0.0357953333345,0.035509876689,0.0356363502625,0.035762823836,0.0361323624535,0.036501901071,0.036709935477,0.036917969883,0.035996881047,0.035075792211,0.0352246523325,0.035373512454,0.035060787342,0.03474806223
p26,0.028392765638,0.028392765638,0.028392765638,0.028392765638,0.028392765638,0.0266220016775,0.024851237717,0.0243362861775,0.023821334638,0.0278610645495,0.031900794461,0.03333983263,0.034778870799,0.0347112099025,0.034643549006,0.0331265415545,0.031609534103,0.031634151413,0.031658768723,0.032470031769,0.033281294815,0.033639711762,0.033998128709,0.0337113987055,0.033424668702,0.0334541325705,0.033483596439,0.0335324233215,0.033581250204,0.033651819328,0.033722388452,0.0331728317925,0.032623275133,0.0327335743905,0.032843873648,0.032650438414,0.03245700318
p27,0.03100540104,0.03100540104,0.03100540104,0.03100540104,0.03100540104,0.0285244135405,0.026043426041,0.0259056956655,0.02576796529,0.0299979351795,0.034227905069,0.035891878618,0.037555852167,0.037445121893,0.037334391619,0.035563920954,0.033793450289,0.033561008612,0.033328566935,0.0341572607115,0.034985954488,0.035538707474,0.03609146046,0.03588230996,0.03567315946,0.035704719565,0.03573627967,0.035932182635,0.0361280856,0.0357931181,0.0354581506,0.034680369075,0.03390258755,0.034895294305,0.03588800106,0.03578876392,0.03568952678
p28,0.030156477916,0.030156477916,0.030156477916,0.030156477916,0.030156477916,0.027896603032,0.025636728148,0.025387429619,0.02513813109,0.030092752252,0.035047373414,0.0372117138235,0.039376054233,0.039494672865,0.039613291497,0.0375311294315,0.035448967366,0.0352076982985,0.034966429231,0.035921116349,0.036875803467,0.0376494098985,0.03842301633,0.038338794655,0.03825457298,0.03820976239,0.0381649518,0.038224440235,0.03828392867,0.038648378745,0.03901282882,0.038207758705,0.03740268859,0.037846349655,0.03829001072,0.038078681165,0.03786735161
p29,0.029008641488,0.029008641488,0.029008641488,0.029008641488,0.029008641488,0.026910916141,0.024813190794,0.024497234325,0.024181277856,0.0292808960435,0.034380514231,0.036588732899,0.038796951567,0.038989681728,0.039182411889,0.037039269241,0.034896126593,0.0346573810925,0.034418635592,0.035396877178,0.036375118764,0.037193660617,0.03801220247,0.037939624325,0.03786704618,0.03782397129,0.0377808964,0.037851708395,0.03792252039,0.03829656738,0.03867061437,0.03797049649,0.03727037861,0.03771350747,0.03815663633,0.037980330365,0.0378040244
p3,0.028890929451,0.028890929451,0.028890929451,0.028890929451,0.028890929451,0.026956390486,0.025021851521,0.0246941138425,0.024366376164,0.0279175756395,0.031468775115,0.032964651875,0.034460528635,0.034150275013,0.033840021391,0.0325550992365,0.031270177082,0.03139016332,0.031510149558,0.0324459437895,0.033381738021,0.0338680898965,0.034354441772,0.034579680511,0.03480491925,0.035151596571,0.035498273892,0.03575031816,0.036002362428,0.036156591825,0.036310821222,0.035543239683,0.034775658144,0.035270506171,0.035765354198,0.0360042633,0.036243172402
p30,0.030616114127,0.030616114127,0.030616114127,0.030616114127,0.030616114127,0.0283235025765,0.026030891026,0.025776781544,0.025522672062,0.030368329909,0.035213987756,0.037337861376,0.039461734996,0.039524620467,0.039587505938,0.0375425171945,0.035497528451,0.035256626588,0.035015724725,0.035945112143,0.036874499561,0.0375910258955,0.03830755223,0.037933742555,0.03755993288,0.037233014785,0.03690609669,0.03694139544,0.03697669419,0.03724717971,0.03751766523,0.036833105805,0.03614854638,0.036626531245,0.03710451611,0.03647094961,0.03583738311
p31,0.028659118056,0.028659118056,0.028659118056,0.028659118056,0.028659118056,0.0269360140205,0.025212909985,0.024555958082,0.023899006179,0.0279022567735,0.031905507368,0.0337213451365,0.035537182905,0.0353779818505,0.035218780796,0.033494736266,0.031770691736,0.0315564554955,0.031342219255,0.0320949543905,0.032847689526,0.033456929108,0.03406616869,0.03402079592,0.03397542315,0.033963511455,0.03395159976,0.03385086793,0.0337501361,0.03397340186,0.03419666762,0.033768486015,0.03334030441,0.03352463934,0.03370897427,0.03347963918,0.03325030409
p32,0.027861557371,0.027861557371,0.027861557371,0.027861557371,0.027861557371,0.0261020444835,0.024342531596,0.023852716362,0.023362901128,0.026191917203,0.029020933278,0.0300952419245,0.031169550571,0.0318582146165,0.032546878662,0.031618294412,0.030689710162,0.0308168626755,0.030944015189,0.0316222913055,0.032300567422,0.0326624634995,0.033024359577,0.0333654797995,0.033706600022,0.033679753187,0.033652906352,0.033470023047,0.033287139742,0.032909902059,0.032532664376,0.032873622993,0.03321458161,0.03355031518,0.03388604875,0.03371041226,0.03353477577
p33,0.027697860999,0.027697860999,0.027697860999,0.027697860999,0.027697860999,0.026099885638,0.024501910277,0.023827890344,0.023153870411,0.0267784268665,0.030402983322,0.0320233783075,0.033643773293,0.034870891817,0.036098010341,0.034499846182,0.032901682023,0.0329785185755,0.033055355128,0.033551076651,0.034046798174,0.0348700002215,0.035693202269,0.036190629048,0.036688055827,0.0364653083275,0.036242560828,0.036180802003,0.036119043178,0.0362593697215,0.036399696265,0.0365957755025,0.03679185474,0.03729680059,0.03780174644,0.037924832904,0.038047919368
p34,0.027406020383,0.027406020383,0.027406020383,0.027406020383,0.027406020383,0.0258249500075,0.024243879632,0.023588050958,0.022932222284,0.0261836112265,0.029435000169,0.031050204073,0.032665407977,0.0337426264665,0.034819844956,0.0333325683885,0.031845291821,0.0318956737485,0.031946055676,0.0324521948615,0.032958334047,0.0336755272475,0.034392720448,0.034808191921,0.035223663394,0.035114264821,0.035004866248,0.0348199740205,0.034635081793,0.0348451310955,0.035055180398,0.035059530044,0.03506387969,0.035052714865,0.03504155004,0.03510303633,0.03516452262
p35,0.027658582981,0.027658582981,0.027658582981,0.027658582981,0.027658582981,0.0258402854385,0.024021987896,0.0238951127555,0.023768237615,0.026694070618,0.029619903621,0.029905352781,0.030190801941,0.030076830646,0.029962859351,0.029623831602,0.029284803853,0.0291414091015,0.02899801435,0.030350619454,0.031703224558,0.032272905689,0.03284258682,0.0326554541585,0.032468321497,0.032908886417,0.033349451337,0.0333926952025,0.033435939068,0.033351568543,0.033267198018,0.0325071087885,0.031747019559,0.0325045476995,0.03326207584,0.03357411769,0.03388615954
p36,0.027815814172,0.027815814172,0.027815814172,0.027815814172,0.027815814172,0.025893176315,0.023970538458,0.0239884811315,0.024006423805,0.026452123018,0.028897822231,0.028908135555,0.028918448879,0.029171157931,0.029423866983,0.029031367472,0.028638867961,0.0285349443485,0.028431020736,0.029671046306,0.030911071876,0.031408246487,0.031905421098,0.0317306370425,0.031555852987,0.0320222377815,0.032488622576,0.032667052286,0.032845481996,0.0325547487315,0.032264015467,0.0317729136025,0.031281811738,0.032019151469,0.0327564912,0.032986316125,0.03321614105
p37,0.044774829968,0.044774829968,0.044774829968,0.044774829968,0.044774829968,0.034805390454,0.02483595094,0.0249993797105,0.025162808481,0.028012637606,0.030862466731,0.0320412682445,0.033220069758,0.032662585998,0.032105102238,0.0314652911825,0.030825480127,0.0316638679175,0.032502255708,0.0335326591565,0.034563062605,0.03489459138,0.035226120155,0.035625670037,0.036025219919,0.036072330341,0.036119440763,0.0361615029355,0.036203565108,0.035410762977,0.034617960846,0.0351172784105,0.035616595975,0.0360285985525,0.03644060113,0.0365685554985,0.036696509867
p38,0.043772168451,0.043772168451,0.043772168451,0.043772168451,0.043772168451,0.0343776749085,0.024983181366,0.0251092261775,0.025235270989,0.028034484756,0.030833698523,0.0309110820285,0.030988465534,0.0309536961245,0.030918926715,0.030518179344,0.030117431973,0.030785190802,0.031452949631,0.032243540956,0.033034132281,0.033719659886,0.034405187491,0.0349978737615,0.035590560032,0.035427422519,0.035264285006,0.035050198819,0.034836112632,0.034450299422,0.034064486212,0.034034497298,0.034004508384,0.034386577587,0.03476864679,0.035247806695,0.0357269666
p39,0.044621376003,0.044621376003,0.044621376003,0.044621376003,0.044621376003,0.034959008707,0.025296641411,0.0252761025505,0.02525556369,0.0282375955915,0.031219627493,0.0314236521315,0.03162767677,0.0312475805605,0.030867484351,0.030921085336,0.030974686321,0.03172623366,0.032477780999,0.033283905174,0.034090029349,0.0349277326295,0.03576543591,0.0363468085075,0.036928181105,0.0365397254885,0.036151269872,0.0360193278205,0.035887385769,0.0352052117165,0.034523037664,0.0342895495875,0.034056061511,0.033758886409,0.033461711307,0.0337596432135,0.03405757512
p4,0.02859717278,0.02859717278,0.02859717278,0.02859717278,0.02859717278,0.0265841528855,0.024571132991,0.024291021307,0.024010909623,0.0279257718105,0.031840633998,0.033570095579,0.03529955716,0.0350801001665,0.034860643173,0.033477260207,0.032093877241,0.032201186462,0.032308495683,0.0332930227575,0.034277549832,0.03481431453,0.035351079228,0.035659759019,0.03596843881,0.036361113507,0.036753788204,0.037059822518,0.037365856832,0.0375844596985,0.037803062565,0.0369488111625,0.03609455976,0.0366830933125,0.037271626865,0.037554186549,0.037836746233
p40,0.046854063541,0.046854063541,0.046854063541,0.046854063541,0.046854063541,0.0362203554905,0.02558664744,0.0257692489215,0.025951850403,0.029016466823,0.032081083243,0.0319788814705,0.031876679698,0.0317121695005,0.031547659303,0.031440838284,0.031334017265,0.0321157943045,0.032897571344,0.033696070146,0.034494568948,0.0353689660965,0.036243363245,0.0367911534065,0.037338943568,0.037042484606,0.036746025644,0.0367662570705,0.036786488497,0.036024284927,0.035262081357,0.035688913748,0.036115746139,0.0364641013945,0.03681245665,0.036966708755,0.03712096086
p41,0.04753198482,0.04753198482,0.04753198482,0.04753198482,0.04753198482,0.0366462011615,0.025760417503,0.026003407781,0.026246398059,0.029449445891,0.032652493723,0.032581809104,0.032511124485,0.03210779822,0.031704471955,0.031613237286,0.031522002617,0.0323436572265,0.033165311836,0.0339892027755,0.034813093715,0.0357036706795,0.036594247644,0.037241265722,0.0378882838,0.037640146125,0.03739200845,0.037257077063,0.037122145676,0.036678932527,0.036235719378,0.036410747618,0.036585775858,0.0371955448325,0.037805313807,0.037809068497,0.037812823187
p42,0.044898396849,0.044898396849,0.044898396849,0.044898396849,0.044898396849,0.034777454083,0.024656511317,0.0248242139145,0.024991916512,0.0276163505705,0.030240784629,0.0316083879475,0.032975991266,0.0322550707675,0.031534150269,0.0310987079065,0.030663265544,0.031507815908,0.032352366272,0.0333773407645,0.034402315257,0.0347312662395,0.035060217222,0.035433658481,0.03580709974,0.035831427267,0.035855754794,0.0359216874175,0.035987620041,0.0353386376745,0.034689655308,0.0351461091825,0.035602563057,0.0359274563485,0.03625234964,0.0363810403645,0.036509731089
p43,0.046168166387,0.046168166387,0.046168166387,0.046168166387,0.046168166387,0.035834788294,0.025501410201,0.025679215473,0.025857020745,0.029041830954,0.032226641163,0.033302356329,0.034378071495,0.033959954862,0.033541838229,0.0327813794365,0.032020920644,0.03291555691,0.033810193176,0.0349007148485,0.035991236521,0.036343360246,0.036695483971,0.037085942344,0.037476400717,0.037504023681,0.037531646645,0.037609357293,0.037687067941,0.036999463041,0.036311858141,0.0368180970055,0.03732433587,0.03767695383,0.03802957179,0.0381482661765,0.038266960563
p44,0.045539468974,0.045539468974,0.045539468974,0.045539468974,0.045539468974,0.0354187195645,0.025297970155,0.02546516093,0.025632351705,0.0287475222175,0.03186269273,0.03220530963,0.03254792653,0.032760049989,0.032972173448,0.032002582298,0.031032991148,0.0317046743985,0.032376357649,0.0331584941655,0.033940630682,0.034711829585,0.035483028488,0.0361674643205,0.036851900153,0.0367611281655,0.036670356178,0.036625885057,0.036581413936,0.036016614094,0.035451814252,0.0357117465035,0.035971678755,0.0360177767475,0.03606387474,0.036530192045,0.03699650935
p45,0.045456602842,0.045456602842,0.045456602842,0.045456602842,0.045456602842,0.035355803308,0.025255003774,0.0254846984515,0.025714393129,0.028710436907,0.031706480685,0.0317389730075,0.03177146533,0.0314316091305,0.031091752931,0.030974369895,0.030856986859,0.0315091659025,0.032161344946,0.032893874811,0.033626404676,0.034431276169,0.035236147662,0.0358531193965,0.036470091131,0.0362082559025,0.035946420674,0.0359160248295,0.035885628985,0.0354132885125,0.03494094804,0.0349067691,0.03487259016,0.03549589526,0.03611920036,0.036350793185,0.03658238601
p46,0.046964378899,0.046964378899,0.046964378899,0.046964378899,0.046964378899,0.0368604554,0.026756531901,0.026808525933,0.026860519965,0.0298246466455,0.032788773326,0.033881670324,0.034974567322,0.0345490763965,0.034123585471,0.033349846057,0.032576106643,0.0334871835565,0.03439826047,0.035278016507,0.036157772544,0.0364002238635,0.036642675183,0.0369152483705,0.037187821558,0.0371710290965,0.037154236635,0.0372555717695,0.037356906904,0.0367067371745,0.036056567445,0.036521800506,0.036987033567,0.0374941612835,0.038001289,0.038068196499,0.038135103998
p47,0.030862118973,0.030862118973,0.030862118973,0.030862118973,0.030862118973,0.027460868434,0.024059617895,0.023951862798,0.023844107701,0.0256219058475,0.027399703994,0.027683590209,0.027967476424,0.0280606564225,0.028153836421,0.0283190472455,0.02848425807,0.0290931603415,0.029702062613,0.03033696158,0.030971860547,0.031707326998,0.032442793449,0.032953131526,0.033463469603,0.033599719472,0.033735969341,0.033581775067,0.033427580793,0.0330328113595,0.032638041926,0.0328616616025,0.033085281279,0.0339197845405,0.034754287802,0.034420191841,0.03408609588
p48,0.031038278644,0.031038278644,0.031038278644,0.031038278644,0.031038278644,0.027831760978,0.024625243312,0.024535962305,0.024446681298,0.026211705274,0.02797672925,0.0280803731035,0.028184016957,0.0282992612775,0.028414505598,0.028656612135,0.028898718672,0.0295886169735,0.030278515275,0.030947122187,0.031615729099,0.0323440157785,0.033072302458,0.033536154106,0.034000005754,0.034165453984,0.034330902214,0.034044526614,0.033758151014,0.0332724342735,0.032786717533,0.033072408763,0.033358099993,0.0341994730885,0.035040846184,0.034553591002,0.03406633582
p49,0.030970793718,0.030970793718,0.030970793718,0.030970793718,0.030970793718,0.0280242808455,0.025077767973,0.0250362083095,0.024994648646,0.0271820667645,0.029369484883,0.0296906369295,0.030011788976,0.0301066674115,0.030201545847,0.0298561643805,0.029510782914,0.030112049261,0.030713315608,0.0312245425765,0.031735769545,0.0324222089005,0.033108648256,0.033571469468,0.03403429068,0.0340395530325,0.034044815385,0.034176676978,0.034308538571,0.033693082392,0.033077626213,0.033332180589,0.033586734965,0.0337794147525,0.03397209454,0.034097719545,0.03422334455
p5,0.029559103968,0.029559103968,0.029559103968,0.029559103968,0.029559103968,0.02741037984,0.025261655712,0.025044355844,0.024827055976,0.028733346753,0.03263963753,0.034390945818,0.036142254106,0.0357603006575,0.035378347209,0.033975015824,0.032571684439,0.032638593022,0.032705501605,0.033673429341,0.034641357077,0.0351908286295,0.035740300182,0.036047375399,0.036354450616,0.0367468808945,0.037139311173,0.037457070719,0.037774830265,0.037989850971,0.038204871677,0.037358450116,0.036512028555,0.0370609326725,0.03760983679,0.037895723971,0.038181611152
p50,0.031995740818,0.031995740818,0.031995740818,0.031995740818,0.031995740818,0.029231056009,0.0264663712,0.0268333004835,0.027200229767,0.0299954456045,0.032790661442,0.0328352869325,0.032879912423,0.032851608349,0.032823304275,0.032314129076,0.031804953877,0.0323490164325,0.032893078988,0.0333470112645,0.033800943541,0.034626522293,0.035452101045,0.0359612239035,0.036470346762,0.0364301662435,0.036389985725,0.036576661177,0.036763336629,0.036155692325,0.035548048021,0.035756057032,0.035964066043,0.0367368094075,0.037509552772,0.036927448226,0.03634534368
p51,0.032218577544,0.032218577544,0.032218577544,0.032218577544,0.032218577544,0.0294904672,0.026762356856,0.0271309072515,0.027499457647,0.0302893200185,0.03307918239,0.0330803269345,0.033081471479,0.033040391159,0.032999310839,0.0324878231415,0.031976335444,0.0325129696235,0.033049603803,0.0334011828765,0.03375276195,0.0345859106805,0.035419059411,0.0358798506965,0.036340641982,0.036300205407,0.036259768832,0.0364407762115,0.036621783591,0.036026353674,0.035430923757,0.035787790208,0.036144656659,0.036744193598,0.037343730537,0.0368197941435,0.03629585775
p52,0.044463501452,0.044463501452,0.044463501452,0.044463501452,0.044463501452,0.034802626932,0.025141752412,0.0253200582295,0.025498364047,0.027543502175,0.029588640303,0.0296948413235,0.029801042344,0.0296530684765,0.029505094609,0.0295730352325,0.029640975856,0.0301754453445,0.030709914833,0.031141826181,0.031573737529,0.032294605624,0.033015473719,0.0333110534455,0.033606633172,0.0336350542455,0.033663475319,0.0334554410235,0.033247406728,0.03315210035,0.033056793972,0.0330995626015,0.033142331231,0.0328853044855,0.03262827774,0.032863407895,0.03309853805
p53,0.04726166733,0.04726166733,0.04726166733,0.04726166733,0.04726166733,0.0366220537385,0.025982440147,0.02617465179,0.026366863433,0.0288735967445,0.031380330056,0.031127119292,0.030873908528,0.0308970405555,0.030920172583,0.030984021674,0.031047870765,0.031853646419,0.032659422073,0.0331373312585,0.033615240444,0.034558925449,0.035502610454,0.036036106416,0.036569602378,0.0364406578975,0.036311713417,0.0365407609845,0.036769808552,0.0361569546865,0.035544100821,0.036271996847,0.036999892873,0.0376362567255,0.038272620578,0.037544468864,0.03681631715
p54,0.048506899834,0.048506899834,0.048506899834,0.048506899834,0.048506899834,0.037449332961,0.026391766088,0.02661031018,0.026828854272,0.030086113137,0.033343372002,0.03336013292,0.033376893838,0.03294347268,0.032510051522,0.032483647033,0.032457242544,0.033303077747,0.03414891295,0.0348678029695,0.035586692989,0.0365182225045,0.03744975202,0.038122586963,0.038795421906,0.038614155754,0.038432889602,0.03847146146,0.038510033318,0.038635772647,0.038761511976,0.0390866345475,0.039411757119,0.0401838514025,0.040955945686,0.040330191713,0.03970443774
p55,0.047861289191,0.047861289191,0.047861289191,0.047861289191,0.047861289191,0.037368882022,0.026876474853,0.027204499784,0.027532524715,0.0304550373125,0.03337754991,0.0334351637655,0.033492777621,0.032711355542,0.031929933463,0.031879629774,0.031829326085,0.032559350712,0.033289375339,0.033698434878,0.034107494417,0.0350260891465,0.035944683876,0.036426574463,0.03690846505,0.036857805809,0.036807146568,0.0369295434265,0.037051940285,0.0367189692515,0.036385998218,0.0368765140585,0.037367029899,0.037927653491,0.038488277083,0.0380786445005,0.037669011918
p56,0.032587513458,0.032587513458,0.032587513458,0.032587513458,0.032587513458,0.029830009286,0.027072505114,0.027444810543,0.027817115972,0.030576758512,0.033336401052,0.0333425134505,0.033348625849,0.0332872134745,0.0332258011,0.0326999727665,0.032174144433,0.0327005844395,0.033227024446,0.0335711156465,0.033915206847,0.03473723056,0.035559254273,0.036016805027,0.036474355781,0.036382624547,0.036290893313,0.036317279507,0.036343665701,0.0359187371615,0.035493808622,0.0358825803565,0.036271352091,0.036768532498,0.037265712905,0.0366500323325,0.03603435176
p57,0.032770569646,0.032770569646,0.032770569646,0.032770569646,0.032770569646,0.0300197658575,0.027268962069,0.0275986590445,0.02792835602,0.030589455582,0.033250555144,0.0337379807595,0.034225406375,0.034512000142,0.034798593909,0.0334227975395,0.03204700117,0.0322841718285,0.032521342487,0.0329054169835,0.03328949148,0.033854735029,0.034419978578,0.034827670955,0.035235363332,0.035245963358,0.035256563384,0.0351831553375,0.035109747291,0.034994105115,0.034878462939,0.0352582535585,0.035638044178,0.035775848644,0.03591365311,0.035628598794,0.035343544478
p58,0.034265419292,0.034265419292,0.034265419292,0.034265419292,0.034265419292,0.0314862488975,0.028707078503,0.0290953557865,0.02948363307,0.0312099092295,0.032936185389,0.0332408062955,0.033545427202,0.034131274208,0.034717121214,0.034108898717,0.03350067622,0.0337853403185,0.034070004417,0.0345153887815,0.034960773146,0.0354434357355,0.035926098325,0.0361317618355,0.036337425346,0.0362174476665,0.036097469987,0.0359499217845,0.035802373582,0.036004014252,0.036205654922,0.036757728041,0.03730980116,0.037631012055,0.03795222295,0.036231176815,0.03451013068
p59,0.029628287861,0.029628287861,0.029628287861,0.029628287861,0.029628287861,0.0278435966215,0.026058905382,0.0253819047255,0.024704904069,0.0290853623965,0.033465820724,0.035442105036,0.037418389348,0.036860758936,0.036303128524,0.034236945598,0.032170762672,0.03213537009,0.032099977508,0.0328904828245,0.033680988141,0.0343967526805,0.03511251722,0.03498818628,0.03486385534,0.034896939785,0.03493002423,0.035025650895,0.03512127756,0.035336255465,0.03555123337,0.03508298862,0.03461474387,0.034877866495,0.03514098912,0.034877735795,0.03461448247
p6,0.030420326589,0.030420326589,0.030420326589,0.030420326589,0.030420326589,0.0281819890095,0.02594365143,0.0257301736765,0.025516695923,0.0294936650225,0.033470634122,0.0351668820325,0.036863129943,0.03632124005,0.035779350157,0.034422690108,0.033066030059,0.0331213463575,0.033176662656,0.034153677418,0.03513069218,0.0356339967835,0.036137301387,0.0364653949505,0.036793488514,0.037236800227,0.03768011194,0.0379629389005,0.038245765861,0.0383757029105,0.03850563996,0.0376518526275,0.036798065295,0.0373296251505,0.037861185006,0.037824761851,0.037788338696
p60,0.031897654869,0.031897654869,0.031897654869,0.031897654869,0.031897654869,0.028581679331,0.025265703793,0.025416745459,0.025567787125,0.0272336718045,0.028899556484,0.0290531151095,0.029206673735,0.0300777551655,0.030948836596,0.0289192173285,0.026889598061,0.0267290383795,0.026568478698,0.0269678422805,0.027367205863,0.0286969845835,0.030026763304,0.029485735571,0.028944707838,0.028653881591,0.028363055344,0.02862884035,0.028894625356,0.0290558600505,0.029217094745,0.0303249629425,0.03143283114,0.03201028571,0.03258774028,0.032427829925,0.03226791957
p61,0.032204742628,0.032204742628,0.032204742628,0.032204742628,0.032204742628,0.028603923177,0.025003103726,0.025158525596,0.025313947466,0.02683460332,0.028355259174,0.028646062308,0.028936865442,0.0298530860955,0.030769306749,0.028747896527,0.026726486305,0.026552636486,0.026378786667,0.026749491834,0.027120197001,0.028511939841,0.029903682681,0.0294437769425,0.028983871204,0.028792051362,0.02860023152,0.028831682264,0.029063133008,0.0292473520915,0.029431571175,0.0304929204175,0.03155426966,0.032146322355,0.03273837505,0.032462985285,0.03218759552
p62,0.032232472138,0.032232472138,0.032232472138,0.032232472138,0.032232472138,0.028641167351,0.025049862564,0.0252582188385,0.025466575113,0.027248644172,0.029030713231,0.0290216344605,0.02901255569,0.029933436291,0.030854316892,0.0287408702625,0.026627423633,0.0264663613245,0.026305299016,0.026863283206,0.027421267396,0.0284988175955,0.029576367795,0.0288278046515,0.028079241508,0.027605278459,0.02713131541,0.028428771955,0.0297262285,0.0299854497505,0.030244671001,0.0314973034155,0.03274993583,0.033402964105,0.03405599238,0.03384594966,0.03363590694
p63,0.033070372662,0.033070372662,0.033070372662,0.033070372662,0.033070372662,0.0295153296645,0.025960286667,0.026191387792,0.026422488917,0.0288989262305,0.031375363544,0.032195432328,0.033015501112,0.0343123119535,0.035609122795,0.033448264878,0.031287406961,0.030805361509,0.030323316057,0.030444882136,0.030566448215,0.031764311759,0.032962175303,0.0324687513365,0.03197532737,0.0321764460175,0.032377564665,0.033371566393,0.034365568121,0.0348879338555,0.03541029959,0.036370075755,0.03732985192,0.037692105935,0.03805435995,0.03758849913,0.03712263831
p64,0.033407830113,0.033407830113,0.033407830113,0.033407830113,0.033407830113,0.02982893908,0.026250048047,0.026560608342,0.026871168637,0.029205860017,0.031540551397,0.0324121654,0.033283779403,0.0344506766135,0.035617573824,0.0335616747215,0.031505775619,0.030937333694,0.030368891769,0.030265703377,0.030162514985,0.031218879618,0.032275244251,0.0317761932935,0.031277142336,0.031219060203,0.03116097807,0.0314264952505,0.031692012431,0.032383361323,0.033074710215,0.0333563323225,0.03363795443,0.0337816185,0.03392528257,0.03347870943,0.03303213629
p65,0.033526141018,0.033526141018,0.033526141018,0.033526141018,0.033526141018,0.029921355658,0.026316570298,0.0266933437185,0.027070117139,0.029363523054,0.031656928969,0.03246516576,0.033273402551,0.0343364388575,0.035399475164,0.0333733183045,0.031347161445,0.0307634570455,0.030179752646,0.03004121386,0.029902675074,0.0309271471125,0.031951619151,0.0314573391665,0.030963059182,0.030941272398,0.030919485614,0.031194210539,0.031468935464,0.032214243982,0.0329595525,0.033394436335,0.03382932017,0.03398305886,0.03413679755,0.03376972167,0.03340264579
p66,0.034630771139,0.034630771139,0.034630771139,0.034630771139,0.034630771139,0.031646656854,0.028662542569,0.028886381028,0.029110219487,0.0310131623065,0.032916105126,0.033544702604,0.034173300082,0.0346109612115,0.035048622341,0.0344238403515,0.033799058362,0.0339443201975,0.034089582033,0.0344308468345,0.034772111636,0.0353019767795,0.035831841923,0.0360381175535,0.036244393184,0.036118002975,0.035991612766,0.0358378488465,0.035684084927,0.035924469022,0.036164853117,0.0367689132635,0.03737297341,0.0377268391825,0.038080704955,0.0362821621825,0.03448361941
p67,0.034439332803,0.034439332803,0.034439332803,0.034439332803,0.034439332803,0.0307314905355,0.027023648268,0.0274163200885,0.027808991909,0.0301469260455,0.032484860182,0.033366862708,0.034248865234,0.0353763133495,0.036503761465,0.034389790889,0.032275820313,0.031681257363,0.031086694413,0.030912457749,0.030738221085,0.031691890462,0.032645559839,0.032013961083,0.031382362327,0.0313730008945,0.031363639462,0.031671439257,0.031979239052,0.0326886867335,0.033398134415,0.0339600873375,0.03452204026,0.034706355165,0.03489067007,0.03459078674,0.03429090341
p68,0.046002150619,0.046002150619,0.046002150619,0.046002150619,0.046002150619,0.0357009465105,0.025399742402,0.0255695111545,0.025739279907,0.0288528557715,0.031966431636,0.0322751211295,0.032583810623,0.0327896234745,0.032995436326,0.0319789921535,0.030962547981,0.031664214456,0.032365880931,0.0333015227535,0.034237164576,0.034881843415,0.035526522254,0.0362210501485,0.036915578043,0.036831630186,0.036747682329,0.036765435495,0.036783188661,0.036400188304,0.036017187947,0.0360975167685,0.03617784559,0.036307149395,0.0364364532,0.03651488436,0.03659331552
p69,0.046491465626,0.046491465626,0.046491465626,0.046491465626,0.046491465626,0.0361670329305,0.025842600235,0.0260778785675,0.0263131569,0.0293022452295,0.032291333559,0.032102603608,0.031913873657,0.0320219494375,0.032130025218,0.031502150571,0.030874275924,0.031547465471,0.032220655018,0.033015955289,0.03381125556,0.034450759536,0.035090263512,0.0358333878935,0.036576512275,0.036466774562,0.036357036849,0.0364020473065,0.036447057764,0.036096516282,0.0357459748,0.035768350735,0.03579072667,0.03607508195,0.03635943723,0.03652575675,0.03669207627
p7,0.029636027261,0.029636027261,0.029636027261,0.029636027261,0.029636027261,0.0276823365935,0.025728645926,0.0254161299995,0.025103614073,0.0304469497295,0.035790285386,0.037738953529,0.039687621672,0.0396026539175,0.039517686163,0.037783927921,0.036050169679,0.0361189080545,0.03618764643,0.03744310472,0.03869856301,0.039428188912,0.040157814814,0.040093445234,0.040029075654,0.0403707286045,0.040712381555,0.04115705786,0.041601734165,0.041880024502,0.042158314839,0.0410561664315,0.039954018024,0.0408135060265,0.041672994029,0.0418076210865,0.041942248144
p70,0.046478059727,0.046478059727,0.046478059727,0.046478059727,0.046478059727,0.036010779936,0.025543500145,0.025797105438,0.026050710731,0.0292622100175,0.032473709304,0.032428017669,0.032382326034,0.032557619786,0.032732913538,0.0322727954605,0.031812677383,0.032478824619,0.033144971855,0.033956803799,0.034768635743,0.035471947659,0.036175259575,0.0368431920335,0.037511124492,0.037410885783,0.037310647074,0.0372323166195,0.037153986165,0.0370889616525,0.03702393714,0.037459249225,0.03789456131,0.038044655795,0.03819475028,0.03799197966,0.03778920904
p71,0.031331117246,0.031331117246,0.031331117246,0.031331117246,0.031331117246,0.0291694189855,0.027007720725,0.027209986287,0.027412251849,0.0306730638575,0.033933875866,0.033863049404,0.033792222942,0.0343376921705,0.034883161399,0.034509072495,0.034134983591,0.034644870524,0.035154757457,0.035655107128,0.036155456799,0.036838025681,0.037520594563,0.0381706570965,0.03882071963,0.0388134743465,0.038806229063,0.038925367031,0.039044504999,0.0390726706845,0.03910083637,0.03989233585,0.04068383533,0.041110418879,0.041537002428,0.040807782209,0.04007856199
p72,0.03160683784,0.03160683784,0.03160683784,0.03160683784,0.03160683784,0.0293971338135,0.027187429787,0.0274261279105,0.027664826034,0.03068228761,0.033699749186,0.033693526204,0.033687303222,0.034161711384,0.034636119546,0.0343221825785,0.034008245611,0.034422373948,0.034836502285,0.035398925804,0.035961349323,0.0366448568245,0.037328364326,0.037890512811,0.038452661296,0.038498239587,0.038543817878,0.0387715557515,0.038999293625,0.0392308022325,0.03946231084,0.04025863168,0.04105495252,0.041457695,0.04186043748,0.04093817681,0.04001591614
p73,0.032039092179,0.032039092179,0.032039092179,0.032039092179,0.032039092179,0.029800092475,0.027561092771,0.02779708953,0.028033086289,0.031042590615,0.034052094941,0.0340657907935,0.034079486646,0.034543487802,0.035007488958,0.0346261553575,0.034244821757,0.0346016401455,0.034958458534,0.035501966026,0.036045473518,0.036739282018,0.037433090518,0.0379866902375,0.038540289957,0.0385647877575,0.038589285558,0.038812737292,0.039036189026,0.038933274314,0.038830359602,0.038965768211,0.03910117682,0.039645737795,0.04019029877,0.039065735155,0.03794117154
p74,0.050525183254,0.050525183254,0.050525183254,0.050525183254,0.050525183254,0.038962700249,0.027400217244,0.027750413571,0.028100609898,0.031531080883,0.034961551868,0.035317342242,0.035673132616,0.035888809592,0.036104486568,0.035634958761,0.035165430954,0.035638791488,0.036112152022,0.0364674361405,0.036822720259,0.036920394935,0.037018069611,0.0374100825855,0.03780209556,0.0375132428525,0.037224390145,0.0367996866225,0.0363749831,0.03606029292,0.03574560274,0.036312596845,0.03687959095,0.03708076966,0.03728194837,0.036373715574,0.035465482778
p75,0.050504913824,0.050504913824,0.050504913824,0.050504913824,0.050504913824,0.0391360494065,0.027767184989,0.027955465515,0.028143746041,0.031410787584,0.034677829127,0.035022968359,0.035368107591,0.0354437276665,0.035519347742,0.035054585293,0.034589822844,0.035056130471,0.035522438098,0.035897586637,0.036272735176,0.03668853562,0.037104336064,0.037505471677,0.03790660729,0.03787174864,0.03783688999,0.037521439295,0.0372059886,0.036972579315,0.03673917003,0.03739048151,0.03804179299,0.038718170485,0.03939454798,0.0391144214786,0.0388342949773
p76,0.05066211689,0.05066211689,0.05066211689,0.05066211689,0.05066211689,0.0392568814165,0.027851645943,0.028039039722,0.028226433501,0.031506407682,0.034786381863,0.0351053292835,0.035424276704,0.035510984939,0.035597693174,0.0350381938435,0.034478694513,0.0349452646245,0.035411834736,0.0357721185835,0.036132402431,0.036541888915,0.036951375399,0.0373498636095,0.03774835182,0.03771373553,0.03767911924,0.037369268465,0.03705941769,0.03682678357,0.03659414945,0.037237574135,0.03788099882,0.038555612495,0.03923022617,0.0390492168978,0.0388682076256
p77,0.049270711774,0.049270711774,0.049270711774,0.049270711774,0.049270711774,0.038388444767,0.02750617776,0.0276661941475,0.027826210535,0.0307847101025,0.03374320967,0.033889062333,0.034034914996,0.033857196946,0.033679478896,0.033169294075,0.032659109254,0.0332847148655,0.033910320477,0.034284155084,0.034657989691,0.0350970737355,0.03553615778,0.035982384981,0.036428612182,0.0363929193415,0.036357226501,0.03606741198,0.035777597459,0.03558625161,0.035394905761,0.035791472711,0.036188039661,0.0367763985235,0.037364757386,0.037634610308,0.03790446323
p78,0.051533164529,0.051533164529,0.051533164529,0.051533164529,0.051533164529,0.039601217334,0.027669270139,0.027855828458,0.028042386777,0.031304950609,0.034567514441,0.0349105357405,0.03525355704,0.035380551036,0.035507545032,0.0346806487145,0.033853752397,0.034286816971,0.034719881545,0.035056882073,0.035393882601,0.035837113692,0.036280344783,0.0367596813015,0.03723901782,0.037230668349,0.037222318878,0.036941401054,0.03666048323,0.03636834269,0.03607620215,0.03654914859,0.03702209503,0.037700787015,0.038379479,0.0384433562875,0.038507233575
p79,0.051304028251,0.051304028251,0.051304028251,0.051304028251,0.051304028251,0.040169133265,0.029034238279,0.029051369353,0.029068500427,0.0324301024565,0.035791704486,0.035960142887,0.036128581288,0.0364450037265,0.036761426165,0.0367822293155,0.036803032466,0.036559500707,0.036315968948,0.036656905975,0.036997843002,0.0376429794335,0.038288115865,0.0386431745555,0.038998233246,0.0388418167785,0.038685400311,0.0389064262915,0.039127452272,0.039181944283,0.039236436294,0.039944164923,0.040651893552,0.041178034346,0.04170417514,0.0405600766961,0.0394159782523
p8,0.030742546872,0.030742546872,0.030742546872,0.030742546872,0.030742546872,0.0284701399255,0.026197732979,0.025984158544,0.025770584109,0.0311251424325,0.036479700756,0.037443871826,0.038408042896,0.0376943672005,0.036980691505,0.0354704810715,0.033960270638,0.0340178917185,0.034075512799,0.0351288364425,0.036182160086,0.0367574615545,0.037332763023,0.03772738881,0.038122014597,0.038574005409,0.039025996221,0.039518831088,0.040011665955,0.0405661372615,0.041120608568,0.039858892572,0.038597176576,0.038852390078,0.03910760358,0.039097845165,0.03908808675
p80,0.053518630644,0.053518630644,0.053518630644,0.053518630644,0.053518630644,0.0411597702225,0.028800909801,0.028876498329,0.028952086857,0.032998966281,0.037045845705,0.037156357425,0.037266869145,0.03760028202,0.037933694895,0.0379746495485,0.038015604202,0.037717015049,0.037418425896,0.0377249749005,0.038031523905,0.0387149539955,0.039398384086,0.039937844353,0.04047730462,0.0404202572605,0.040363209901,0.0405929667635,0.040822723626,0.040913229264,0.041003734902,0.0418455031405,0.042687271379,0.0433365478255,0.043985824272,0.042694004017,0.041402183762
p81,0.030989008434,0.030989008434,0.030989008434,0.030989008434,0.030989008434,0.029411590823,0.027834173212,0.027848700077,0.027863226942,0.030927516922,0.033991806902,0.033785357593,0.033578908284,0.034261678185,0.034944448086,0.0344214437425,0.033898439399,0.0343926827905,0.034886926182,0.035249682172,0.035612438162,0.036168869295,0.036725300428,0.0372927655935,0.037860230759,0.0379151894315,0.037970148104,0.038097527014,0.038224905924,0.038282105402,0.03833930488,0.039169145875,0.03999898687,0.04047173055,0.04094447423,0.04001857358,0.03909267293
p82,0.031841895789,0.031841895789,0.031841895789,0.031841895789,0.031841895789,0.030066629628,0.028291363467,0.0283235081435,0.02835565282,0.031441399113,0.034527145406,0.033773485694,0.033019825982,0.033707541886,0.03439525779,0.034221666431,0.034048075072,0.0344857543855,0.034923433699,0.0351860873735,0.035448741048,0.035900377044,0.03635201304,0.036914535177,0.037477057314,0.0375893015985,0.037701545883,0.0378296666295,0.037957787376,0.037980190913,0.03800259445,0.038835059015,0.03966752358,0.039492235092,0.039316946604,0.038879615827,0.03844228505
p83,0.03144728405,0.03144728405,0.03144728405,0.03144728405,0.03144728405,0.029680085513,0.027912886976,0.027959201087,0.028005515198,0.031068544248,0.034131573298,0.033831284693,0.033530996088,0.034318431904,0.03510586772,0.034541031282,0.033976194844,0.03422208506,0.034467975276,0.0347668733035,0.035065771331,0.035541990477,0.036018209623,0.036550747541,0.037083285459,0.0371362363305,0.037189187202,0.0373636880375,0.037538188873,0.0376344526015,0.03773071633,0.03857680119,0.03942288605,0.040116703695,0.04081052134,0.040010300705,0.03921008007
p84,0.032027275324,0.032027275324,0.032027275324,0.032027275324,0.032027275324,0.0296633390175,0.027299402711,0.027630276105,0.027961149499,0.030832407525,0.033703665551,0.033840927728,0.033978189905,0.034416169434,0.034854148963,0.034427916373,0.034001683783,0.034329458637,0.034657233491,0.0350307878405,0.03540434219,0.0362278068615,0.037051271533,0.037489818703,0.037928365873,0.037953604419,0.037978842965,0.0380434922745,0.038108141584,0.038040763206,0.037973384828,0.038291639624,0.03860989442,0.039141201955,0.03967250949,0.03865523033,0.03763795117
p85,0.032722681117,0.032722681117,0.032722681117,0.032722681117,0.032722681117,0.030275216501,0.027827751885,0.0281970102835,0.028566268682,0.0309180724285,0.033269876175,0.033553048889,0.033836221603,0.0342879865765,0.03473975155,0.03417670547,0.03361365939,0.033662518449,0.033711377508,0.0339553987135,0.034199419919,0.034879528471,0.035559637023,0.035834845734,0.036110054445,0.036113475082,0.036116895719,0.036074800153,0.036032704587,0.035988388855,0.035944073123,0.0360782309715,0.03621238882,0.0364733617,0.03673433458,0.0357149636,0.03469559262
p86,0.033334588619,0.033334588619,0.033334588619,0.033334588619,0.033334588619,0.030831017372,0.028327446125,0.0287021276475,0.02907680917,0.031145802167,0.033214795164,0.0334887421135,0.033762689063,0.0342982388275,0.034833788592,0.0341541896835,0.033474590775,0.033503777687,0.033532964599,0.0336434719165,0.033753979234,0.034349518086,0.034945056938,0.0352461321215,0.035547207305,0.0355467959835,0.035546384662,0.0355170821285,0.035487779595,0.035360255624,0.035232731653,0.0353192385065,0.03540574536,0.035669762465,0.03593377957,0.035011100695,0.03408842182
p87,0.033284181039,0.033284181039,0.033284181039,0.033284181039,0.033284181039,0.0308217143795,0.02835924772,0.0287085169905,0.029057786261,0.0313219074215,0.033586028582,0.033814117317,0.034042206052,0.034670707673,0.035299209294,0.034493246747,0.0336872842,0.0338184027825,0.033949521365,0.0341603160445,0.034371110724,0.034897556673,0.035424002622,0.0356643749885,0.035904747355,0.035938189945,0.035971632535,0.0359313701925,0.03589110785,0.035972378635,0.03605364942,0.036351134705,0.03664861999,0.036951711965,0.03725480394,0.03634751379,0.03544022364
p88,0.032318027253,0.032318027253,0.032318027253,0.032318027253,0.032318027253,0.0302962913395,0.028274555426,0.028534654629,0.028794753832,0.0313553640785,0.033915974325,0.034173416701,0.034430859077,0.035080825441,0.035730791805,0.034177308108,0.032623824411,0.032815559691,0.033007294971,0.033519108863,0.034030922755,0.0344965806965,0.034962238638,0.0351497554395,0.035337272241,0.035319235193,0.035301198145,0.0350515086725,0.0348018192,0.03452613708,0.03425045496,0.035315265085,0.03638007521,0.036490728375,0.03660138154,0.036277958245,0.03595453495
p89,0.031898841919,0.031898841919,0.031898841919,0.031898841919,0.031898841919,0.0299815361215,0.028064230324,0.0283517287305,0.028639227137,0.031242980692,0.033846734247,0.034146613359,0.034446492471,0.0351217088405,0.03579692521,0.0349059063665,0.034014887523,0.034150964208,0.034287040893,0.0344763350975,0.034665629302,0.0352200547525,0.035774480203,0.0360242152075,0.036273950212,0.0363353859695,0.036396821727,0.0363741960915,0.036351570456,0.036437099897,0.036522629338,0.037304035018,0.038085440698,0.038250791031,0.038416141364,0.037881462808,0.037346784252
p9,0.032145719196,0.032145719196,0.032145719196,0.032145719196,0.032145719196,0.0294796417855,0.026813564375,0.0267828101025,0.02675205583,0.033112331971,0.039472608112,0.041038163144,0.042603718176,0.0427233133265,0.042842908477,0.0406552281905,0.038467547904,0.0383493363545,0.038231124805,0.0397008091335,0.041170493462,0.0420860755985,0.043001657735,0.0429454661045,0.042889274474,0.043296642653,0.043704010832,0.044897463977,0.046090917122,0.045610233484,0.045129549846,0.04469980026,0.044270050674,0.045184171892,0.04609829311,0.04613642965,0.04617456619
p90,0.032111740479,0.032111740479,0.032111740479,0.032111740479,0.032111740479,0.0303077730835,0.028503805688,0.0286509439155,0.028798082143,0.0315572988575,0.034316515572,0.034826041179,0.035335566786,0.0358841417045,0.036432716623,0.0354358861215,0.03443905562,0.0343888457305,0.034338635841,0.0345755441355,0.03481245243,0.0353622732565,0.035912094083,0.036148017234,0.036383940385,0.036539188376,0.036694436367,0.036650520944,0.036606605521,0.0366661194215,0.036725633322,0.037657334811,0.0385890363,0.038768647665,0.03894825903,0.038463140525,0.03797802202
p91,0.032381934785,0.032381934785,0.032381934785,0.032381934785,0.032381934785,0.0305630514885,0.028744168192,0.028892579388,0.029040990584,0.03181475445,0.034588518316,0.035110857712,0.035633197108,0.0361882359785,0.036743274849,0.035737758284,0.034732241719,0.0346617186525,0.034591195586,0.034760939571,0.034930683556,0.0354966008545,0.036062518153,0.036305745261,0.036548972369,0.0367138876195,0.03687880287,0.036800519367,0.036722235864,0.036779699124,0.036837162384,0.037743761942,0.0386503615,0.038780231735,0.03891010197,0.03846395213,0.03801780229
p92,0.032849166145,0.032849166145,0.032849166145,0.032849166145,0.032849166145,0.0309974819195,0.029145797694,0.0293825587585,0.029619319823,0.0321614034615,0.0347034871,0.035025969658,0.035348452216,0.0360762378175,0.036804023419,0.0361411077825,0.035478192146,0.035364383789,0.035250575432,0.035277652247,0.035304729062,0.0357822428295,0.036259756597,0.0364633480785,0.03666693956,0.036740098438,0.036813257316,0.036805817534,0.036798377752,0.036825715791,0.03685305383,0.0374454012475,0.038037748665,0.0381839603015,0.038330171938,0.0378373946945,0.037344617451
p93,0.032488614892,0.032488614892,0.032488614892,0.032488614892,0.032488614892,0.0308588642565,0.029229113621,0.029396907739,0.029564701857,0.032063487428,0.034562272999,0.0348207752075,0.035079277416,0.035807523247,0.036535769078,0.0359997761325,0.035463783187,0.035353758859,0.035243734531,0.035285360303,0.035326986075,0.0357366066895,0.036146227304,0.036337051339,0.036527875374,0.03654918956,0.036570503746,0.036637686855,0.036704869964,0.036739560112,0.03677425026,0.037428470303,0.038082690346,0.0382064990495,0.038330307753,0.037711625714,0.037092943675
p94,0.033992756308,0.033992756308,0.033992756308,0.033992756308,0.033992756308,0.032078369798,0.030163983288,0.0302784461875,0.030392909087,0.033361828842,0.036330748597,0.0368795527535,0.03742835691,0.037833731918,0.038239106926,0.0371115561335,0.035984005341,0.036073142694,0.036162280047,0.0362362801565,0.036310280266,0.036928328697,0.037546377128,0.037642970873,0.037739564618,0.038138297686,0.038537030754,0.038332438948,0.038127847142,0.03806520176,0.038002556378,0.038413467474,0.03882437857,0.038805665255,0.03878695194,0.03849897437,0.0382109968
p95,0.033759321489,0.033759321489,0.033759321489,0.033759321489,0.033759321489,0.031861316307,0.029963311125,0.0301079752255,0.030252639326,0.0332335797665,0.036214520207,0.036581286734,0.036948053261,0.036652506009,0.036356958757,0.035136468049,0.033915977341,0.034133616921,0.034351256501,0.034717784422,0.035084312343,0.035682034441,0.036279756539,0.036396932463,0.036514108387,0.0367561086275,0.036998108868,0.036902742812,0.036807376756,0.0367770020965,0.036746627437,0.036513280682,0.036279933927,0.036928874194,0.037577814461,0.0372890294305,0.0370002444
p96,0.035028487773,0.035028487773,0.035028487773,0.035028487773,0.035028487773,0.033079965241,0.031131442709,0.031341204359,0.031550966009,0.0345886085485,0.037626251088,0.037967990841,0.038309730594,0.0386203039375,0.038930877281,0.037652524604,0.036374171927,0.0363066949545,0.036239217982,0.0366161391065,0.036993060231,0.03746522172,0.037937383209,0.0380202394045,0.0381030956,0.03809385649,0.03808461738,0.037949037991,0.037813458602,0.038029383415,0.038245308228,0.038294120763,0.038342933298,0.038368650724,0.03839436815,0.03823776944,0.03808117073
p97,0.034078074064,0.034078074064,0.034078074064,0.034078074064,0.034078074064,0.0321501820305,0.030222289997,0.0303847044615,0.030547118926,0.033499774082,0.036452429238,0.0366977738165,0.036943118395,0.037389816742,0.037836515089,0.0367203234795,0.03560413187,0.035370370236,0.035136608602,0.0352315709125,0.035326533223,0.036050929275,0.036775325327,0.036949212639,0.037123099951,0.037314138527,0.037505177103,0.037456679083,0.037408181063,0.0373703466395,0.037332512216,0.037728466545,0.038124420874,0.0383614587595,0.038598496645,0.0382859585375,0.03797342043
p98,0.034941468558,0.034941468558,0.034941468558,0.034941468558,0.034941468558,0.032955374086,0.030969279614,0.031105290314,0.031241301014,0.0343408795385,0.037440458063,0.037651760211,0.037863062359,0.0383293971685,0.038795731978,0.03761274105,0.036429750122,0.036317121489,0.036204492856,0.03668699965,0.037169506444,0.0376361471675,0.038102787891,0.0384160519005,0.03872931591,0.0389454158345,0.039161515759,0.039580204627,0.039998893495,0.040055278845,0.040111664195,0.0402774467135,0.040443229232,0.0409022097745,0.041361190317,0.0410233080685,0.04068542582
p99,0.034640651167,0.034640651167,0.034640651167,0.034640651167,0.034640651167,0.0326631584185,0.03068566567,0.030682327883,0.030678990096,0.033815950127,0.036952910158,0.036969812684,0.03698671521,0.037503746775,0.03802077834,0.0372165553,0.03641233226,0.03668994969,0.03696756712,0.0373732232055,0.037778879291,0.0380142407745,0.038249602258,0.0389098225335,0.039570042809,0.0394330293595,0.03929601591,0.03980073692,0.04030545793,0.040007196485,0.03970893504,0.0420784344875,0.044447933935,0.0445925840915,0.044737234248,0.044210182359,0.04368313047
